datetime,ETH,SOL,HYPE,BNB,AVAX,TRON,APTOS,SUI
2024-11-29 00:00:00,3579.2407862474997,237.65273808614407,6.512709126014327,654.5913158519834,42.90571576286416,0.20323800026201666,12.810708633883593,3.4477142095053273
2024-11-30 00:00:00,3598.1933212253616,243.70089664594224,6.512709126014327,654.771684845135,45.00028678584024,0.20457360768055266,13.322040668325348,3.4898833358290027
2024-12-01 00:00:00,3709.9094391073327,238.16347667858562,8.644603573199845,655.0341088639733,44.970877287421956,0.20528119313871235,13.41345159288901,3.4903215998391652
2024-12-02 00:00:00,3708.8072387383017,237.54718827599987,9.459223086748034,655.7348886381908,45.249819767941275,0.20712566303997176,13.47093473587795,3.4744090975703332
2024-12-03 00:00:00,3643.855375704235,225.5283610124218,8.43020480298621,647.1199397363577,52.08500792765977,0.22003292779616782,13.69558729486709,3.3920184479581406
2024-12-04 00:00:00,3625.7104579497204,234.99258635351788,11.16858001247626,740.0349367441655,51.22245178878033,0.4155898414393119,14.527664318048998,3.7102317955115223
2024-12-05 00:00:00,3839.443460715871,229.06669921453178,10.927396907589728,736.4426842404933,52.75443550741594,0.3287351491595864,14.085472028672301,3.6721064086966657
2024-12-06 00:00:00,3796.8688671601276,237.3008587229224,12.59259618742528,719.7623500626481,50.62186773905273,0.3227604152470211,13.66929983755274,4.220303251080122
2024-12-07 00:00:00,4013.726145388712,237.00646868253727,13.824764093589229,732.5424290130477,52.65717973028137,0.32519867874408537,14.701453164045716,4.220492383206244
2024-12-08 00:00:00,4000.992076502189,238.89329739813545,14.148295136918554,750.2454938747231,51.75753968442909,0.3195955715868737,14.610793157672147,4.260439774963818
2024-12-09 00:00:00,4015.7820212328807,237.57854563045439,14.188638965497068,745.3758374040211,54.18128862843605,0.32001732652706477,14.545758998887644,4.25330841413893
2024-12-10 00:00:00,3713.3138979971745,217.61737842270807,13.390810695266785,688.0073673187646,45.188716534228334,0.2619508553422545,11.983764247267118,3.825906764408686
2024-12-11 00:00:00,3626.5886417774996,213.52687206332865,13.878510532121165,675.4213801221093,44.59992962215368,0.2698088406575527,11.62811935886736,3.712431039384077
2024-12-12 00:00:00,3828.1075883404096,227.0731413756734,16.160291494319157,710.6900184753106,48.253354176983315,0.28211533273336387,12.918788457432344,4.372282471753663
2024-12-13 00:00:00,3878.850012073054,227.02574746034202,18.32086197907653,705.6789649754452,52.9365404488185,0.29676268017558793,13.616777481876039,4.620513668988369
2024-12-14 00:00:00,3907.4296595053356,224.59546331682483,19.445355374548534,726.77223065721,52.429972841330084,0.29047582729051047,14.230649394175979,4.743800545245708
2024-12-15 00:00:00,3866.9958020348054,219.871836259502,24.278950866911032,715.4486038130365,49.89083453054652,0.28213028984236244,13.406456813121464,4.460467011664585
2024-12-16 00:00:00,3961.3154661802305,224.53658892974883,24.06784264061239,722.5581932063777,51.00209739014211,0.28591313783487576,13.705536037496907,4.819895270092734
2024-12-17 00:00:00,3992.857195846062,216.51544960024825,27.451297316399142,720.6829341808788,49.137540655033504,0.2968710029961979,13.93318667962286,4.628558395977351
2024-12-18 00:00:00,3879.4062240100893,222.74032965988914,25.590526995880662,715.6520089733765,47.812573349860365,0.2789326702644762,12.90548390942377,4.636098451218198
2024-12-19 00:00:00,3628.2624780444953,205.36330239790396,23.166825060814343,687.6624331507581,42.8307932021572,0.2579808705890066,11.886844618438937,4.329300804992032
2024-12-20 00:00:00,3434.6754695380805,194.9019815694289,25.041541157512242,669.0228793928828,39.081346852291716,0.25198382162297256,11.436659831840656,4.092943477437273
2024-12-21 00:00:00,3468.658920056454,194.12198450453806,29.960485436304847,677.8485768483023,39.78166800407164,0.24853352310867916,10.850180753684798,4.564787326590686
2024-12-22 00:00:00,3337.5972231166807,181.0289078386085,32.40674492071673,662.4248813776467,37.37907247949279,0.24474592390054042,9.4971988894561,4.357367685162443
2024-12-23 00:00:00,3275.8894274015142,180.15299381882627,28.218793897378536,648.5721398402843,36.51908958975495,0.2437324014691004,9.224964304861118,4.3024604535926905
2024-12-24 00:00:00,3414.6414419807993,189.84218617656558,28.312352202537458,692.2861092311789,39.008078673142315,0.25205328271426086,9.701042637432689,4.707136764827649
2024-12-25 00:00:00,3497.555287927574,197.50098597289022,29.823925491530062,697.9537563672064,41.248534157768994,0.25673442065952834,9.82591671224334,4.61228790602904
2024-12-26 00:00:00,3494.5109273631047,197.3576592740719,26.788314746069965,702.3466001659357,40.26836112987529,0.2578339481281674,9.563314610502632,4.507653052914146
2024-12-27 00:00:00,3327.7897761683494,188.14456627233477,26.867640925078334,687.5178696037362,37.27150561446622,0.2532261408746895,8.805566915843867,4.187332111575813
2024-12-28 00:00:00,3328.6111553091764,183.74866385462855,27.086010481716727,690.3639423450093,36.47293046911688,0.2589032249399649,8.697049286186951,4.0801461198542395
2024-12-29 00:00:00,3397.8341205085153,194.8276511169169,29.152346646591603,720.5679127131004,37.66289197757774,0.2579444688884916,9.171154851070709,4.205090486880547
2024-12-30 00:00:00,3357.330742971463,189.9284130164687,27.60284480576535,694.4826804506174,35.859555171567706,0.2573355573561425,8.87928671279324,4.1034287043334325
2024-12-31 00:00:00,3359.513941757392,190.70066508822853,26.919616779779485,703.1066174310417,35.905494500541415,0.2529560319488961,8.85246099856627,4.169404696966147
2025-01-01 00:00:00,3336.6175137659498,189.45168366761857,24.12474358313879,701.5723264012628,35.67488525834681,0.2543909162545144,8.70270756207051,4.118603015862578
2025-01-02 00:00:00,3348.967247123586,193.64679144177083,26.194213852135658,705.8130365866023,37.62793802638938,0.25515033766478884,8.987167723698628,4.269666583811272
2025-01-03 00:00:00,3448.140436960939,207.87862676897498,23.146733100850973,705.8312420795146,39.23383156271445,0.26509086703855556,9.272376045842286,4.35173858147713
2025-01-04 00:00:00,3604.2913795931763,217.647289485303,24.355707393428627,713.0475655102006,41.81906643608283,0.2697892717475846,9.785122465015034,4.959400556902818
2025-01-05 00:00:00,3660.37804173532,216.68364826265568,24.863713285527787,714.0857730267945,42.68329882621046,0.2699838549107849,10.02179357161403,5.297819504838293
2025-01-06 00:00:00,3635.8549961807084,213.44823541657385,24.3822689493983,709.3017578903202,43.0569611659616,0.262605044389118,10.076539901650658,5.237884047854145
2025-01-07 00:00:00,3687.1447140588307,218.4209767110049,25.351379930173476,730.7109274996172,43.99530989416074,0.26867702180909014,10.158241577150298,5.080190137379911
2025-01-08 00:00:00,3380.0211263090155,202.492545725036,23.69707632091783,696.8339974504797,39.35523210506883,0.2528394453630622,9.705724826548963,4.792710834869421
2025-01-09 00:00:00,3325.1300293537356,197.45206766283226,22.651860775079726,695.7266204397939,37.406116982948866,0.2502989859366684,9.017783888510886,4.888628496622713
2025-01-10 00:00:00,3219.09284475812,185.0111350868991,20.32366713779088,686.294216607382,36.208125558615265,0.24033008253246813,8.653075110143563,4.747202480759613
2025-01-11 00:00:00,3269.1759954060667,187.8201167474825,20.86081863144586,693.7427801750233,36.72107918330164,0.24448244849699788,9.169635124206007,5.141553548893267
2025-01-12 00:00:00,3283.591322828503,188.0632507646954,20.850967475949265,696.7344557337125,37.12535633164786,0.24100596240147695,9.125565362882405,4.971392505068294
2025-01-13 00:00:00,3264.070968533687,188.39194289058088,21.16384214221906,693.0584426939826,36.521164132733794,0.23321598754306758,8.815738567499272,4.733488582332075
2025-01-14 00:00:00,3134.5520394596483,183.11428850097792,21.66663188617453,688.3576507228246,35.298779903288505,0.22288138941032082,8.475750088800043,4.7475115180208025
2025-01-15 00:00:00,3224.8006483414138,187.70452520232413,23.00074996831128,698.74344424996,36.51025590004638,0.22089620706193416,9.028454509116585,4.587792819112528
2025-01-16 00:00:00,3447.0340476747956,205.75854800567018,24.24830092223233,714.7919481480744,39.85020281269093,0.23818985755425928,9.494884547843212,4.850329636156683
2025-01-17 00:00:00,3309.4466139900196,211.23399374041628,23.571836734647334,708.7829768816523,40.00309124046877,0.2371165866793391,9.225261677598088,4.7577921469814655
2025-01-18 00:00:00,3477.284285084809,219.77905400813702,23.128838172193063,721.1359383883954,41.44150745214298,0.2490335923846031,9.765998020876493,4.856106026346662
2025-01-19 00:00:00,3309.0995676199964,262.5615764589647,21.700576230503504,709.848578937929,39.28882580647152,0.24205057731726107,9.316568100030485,5.015581196120385
2025-01-20 00:00:00,3208.1365439891497,251.97488550305266,20.309248811204178,682.349570503562,35.752270105212936,0.22870031851462147,8.53316512372328,4.502742550109692
2025-01-21 00:00:00,3263.069869880814,242.47150410221352,20.452264083386375,677.2617301582343,35.781734985336136,0.2374748134302216,8.513204473149319,4.3822873089046475
2025-01-22 00:00:00,3326.0285404709143,250.3984908388754,23.088173375878227,693.0634731671475,36.95423736734435,0.24505626019183663,8.74802427735866,4.65941545002527
2025-01-23 00:00:00,3237.2996671291435,256.1143343782641,24.32216600898521,694.4219334575758,36.71597669034663,0.2532741591434603,8.47952959350348,4.462930905366384
2025-01-24 00:00:00,3332.580893146162,253.49503131499628,22.162003466310143,689.6926515818565,35.592764537640605,0.2526097901527612,8.345791558297359,4.315608358487608
2025-01-25 00:00:00,3311.8499838687,253.62637885441316,22.807534212004068,680.331260963174,35.30074777654587,0.25440604594277516,8.18222620310101,4.187984871351703
2025-01-26 00:00:00,3320.1314101789453,257.0742996969564,23.236342767568345,686.4624751742597,36.678978555687756,0.25342219907832264,8.114726049422275,4.138278217266177
2025-01-27 00:00:00,3232.2767744705584,241.06731630326192,22.148632733884593,664.4667087887276,35.83005391704498,0.24571547347609493,7.824937846807867,3.8654751871221475
2025-01-28 00:00:00,3173.5346079397173,234.97914713600687,23.155694262646712,679.6778451363223,34.16675754604066,0.24646152284254866,7.612706057614668,3.960372022476053
2025-01-29 00:00:00,3076.4937692857234,226.88945614638288,22.071717599117154,661.6311598715406,32.18605202288011,0.24004242417129412,7.2110823199879945,3.6486540466330024
2025-01-30 00:00:00,3114.4358854363104,228.6145425527223,23.74410626301079,667.745952530571,32.85402842424187,0.24009173457621777,7.426863868429234,3.7029959604429328
2025-01-31 00:00:00,3248.249484352305,239.04719726337646,27.68872825548394,676.9452959901981,34.306853327738345,0.2521090952796291,7.847549006340294,4.1207925310248275
2025-02-01 00:00:00,3296.390634843652,231.50782299297455,26.90772719520058,677.1124207686067,34.40327525683963,0.2537733524660056,7.811739948073505,4.08523317394472
2025-02-02 00:00:00,3125.0386801320924,214.46366422580272,23.65299411298062,654.217143435919,32.224672305224274,0.24469488255136354,7.089109997168117,3.7578974977583375
2025-02-03 00:00:00,2862.6976188716285,202.32492853599265,22.169205122636715,616.6428289864358,27.440534730531102,0.2249982248299759,6.119618711668766,3.288853752992191
2025-02-04 00:00:00,2877.8138239498767,215.95147229807475,25.12064644668724,616.4068055452193,28.384520680812535,0.2288033149995345,6.488419602870012,3.644883982527047
2025-02-05 00:00:00,2740.3809762760143,207.42406393975517,25.168849905387297,573.6042069760077,26.502613436324033,0.22487408146370677,6.083705753121737,3.615512754554269
2025-02-06 00:00:00,2790.5521609256075,196.21787573260255,24.67081850626999,569.5181048818762,25.906964325816567,0.22272512627622412,5.956319908653306,3.3293470626498083
2025-02-07 00:00:00,2686.662316793651,189.38932513491977,23.81687953438349,572.2112608064776,24.48427516088455,0.23169313898086838,5.723895360500241,3.136012409824577
2025-02-08 00:00:00,2623.4507017824767,192.2709679394336,22.81081829757962,578.4992668082035,24.400600056663496,0.23010046029958314,5.711378230022087,3.001364234887233
2025-02-09 00:00:00,2635.6011418023404,199.70939394589394,23.51742827761717,614.7094865407944,24.588690538931782,0.23188542735898757,5.8589759035901565,3.075274356573514
2025-02-10 00:00:00,2632.5358220552475,200.44634668796408,23.02262302865193,617.2838550746773,24.893274321017916,0.2336362649273569,5.906570292787173,3.0007149624208465
2025-02-11 00:00:00,2660.2967996436387,200.0458466193684,23.320350814238573,617.6277634766806,25.58997652902764,0.24639943316017532,6.179143284283235,3.208046016946289
2025-02-12 00:00:00,2603.0333698049267,197.92915264031842,23.52689837934851,643.374116169739,25.370055903418475,0.24106370358573187,5.880720779633084,3.3187086926335967
2025-02-13 00:00:00,2736.2703136032396,196.60301392852935,25.795592647726117,698.0715219546765,26.497318535378657,0.24345533249633838,6.157736444047359,3.5891256621589878
2025-02-14 00:00:00,2675.7090007037627,194.2631701900725,26.193812748277757,669.9136528267184,25.42528985276452,0.2340963440197885,6.134466841680214,3.470157531539914
2025-02-15 00:00:00,2724.6698335873957,199.65011966060425,26.223694108063263,657.410706012491,26.38165898964795,0.23144357905549046,6.107710952692908,3.561665208515822
2025-02-16 00:00:00,2692.8213863864253,194.4254509858272,25.625364645493548,661.9679162628277,25.489206974912715,0.2373651741061693,6.0154056575819235,3.418998207945065
2025-02-17 00:00:00,2659.9017474093457,188.165584495931,26.79398768644809,674.7322746333247,24.855318096176628,0.2428245303085009,5.809958053436784,3.266159152777938
2025-02-18 00:00:00,2741.9050800956124,177.91997195388805,25.376090578779202,667.1818129347955,25.016136138597577,0.23860833545741922,5.897500834405663,3.2150978154518155
2025-02-19 00:00:00,2669.4945006896073,169.10718217289786,23.85645508708913,647.7337603591404,23.49176816567649,0.23916494666305754,5.615015338136654,3.0599993463337847
2025-02-20 00:00:00,2714.8018364720533,169.26443436615673,24.057854172588787,651.2699602601128,23.71224943472529,0.24222399938426087,6.305791640454456,3.2152290818240625
2025-02-21 00:00:00,2741.5933625994785,176.02074183930708,24.45202107189114,657.2357183731672,25.160681534913994,0.24648544622754026,6.309853772624477,3.449202202560767
2025-02-22 00:00:00,2658.3470942919384,169.00123201382314,24.930953890937285,646.8031724730836,24.56269275572274,0.23760251072208932,5.998022967771935,3.269871298170626
2025-02-23 00:00:00,2764.355233404291,172.21280391506767,24.856359136711028,668.785472644957,25.798541141063033,0.23751993898501417,6.029390490462716,3.4183122361084854
2025-02-24 00:00:00,2827.1844084879804,168.09302650361454,23.208752138405707,658.3040708334223,24.879297924342154,0.2461196195874351,6.126720760328082,3.376593027261383
2025-02-25 00:00:00,2503.103420098605,141.16593031186233,19.999034943285917,611.6538008061765,21.819616962435123,0.2394319474376237,5.392128384624587,2.8320888540040956
2025-02-26 00:00:00,2495.315451693047,144.3563354963687,20.32798229810367,623.430675278815,21.960320821830884,0.23097141111650482,5.637302838531497,2.955695852676604
2025-02-27 00:00:00,2325.853934699374,134.6628545613439,19.51149315130092,610.3578616799338,21.77543431430379,0.2268176168766114,5.8642358147938545,2.8659902256195755
2025-02-28 00:00:00,2305.3229378029837,137.60648163669737,20.87156176224923,605.3106534011248,22.500711276282416,0.22812005325519485,6.128266739805791,2.7869095836436144
2025-03-01 00:00:00,2235.204208608959,148.17466304440643,20.08606445738307,587.5469266891337,22.3645872408828,0.23324222326842628,6.462527398844693,2.831568283470982
2025-03-02 00:00:00,2212.8243514969954,143.4002225931321,19.58051085474099,608.2885669828928,21.866944314659996,0.2339507659897262,6.314857762517695,2.8185071448469388
2025-03-03 00:00:00,2517.3382391622977,178.17413183106032,20.468138711858717,623.6422270366194,24.905622025235463,0.24375719693726378,6.7410229431769295,3.2012758533259236
2025-03-04 00:00:00,2148.199533470228,142.5141267061424,17.81747200192514,574.3332822956445,20.968208714697624,0.23059892366163082,5.7415584752820905,2.6199388360303812
2025-03-05 00:00:00,2171.496943535016,145.06190940041165,17.295991529096916,583.1532087181396,20.027366559776787,0.242198839464595,5.456330054931774,2.534663125082162
2025-03-06 00:00:00,2241.3841149187283,146.1815871653316,17.206118282223166,597.848549405523,21.75387932199502,0.24345883575730254,6.213389823836929,2.6346569173798606
2025-03-07 00:00:00,2202.3207363495417,143.45134750836067,15.37829397319139,595.9383138170398,21.062719398920557,0.23985935032394398,5.986648063569858,2.7420425625301696
2025-03-08 00:00:00,2140.7498089428914,139.1826626278542,15.055792459281998,594.5528006856207,20.099213805896714,0.2439607490253464,6.199525894023627,2.5824935610907294
2025-03-09 00:00:00,2199.9995000805707,136.88210638232243,15.110432071801485,593.0806975943264,20.46571711441328,0.24391085310085017,5.94404312312007,2.480862679886325
2025-03-10 00:00:00,2017.265460184326,126.63426805755283,14.419382276937826,554.7300039388367,17.974478395195543,0.23226443542964603,5.614067551226147,2.2938722009027477
2025-03-11 00:00:00,1879.1231054991026,118.78644366084116,13.617100288686869,532.5658810549988,16.388675680466818,0.22927163850185825,5.210061138417269,2.1003776097822855
2025-03-12 00:00:00,1921.3099227587034,125.4287680235315,13.742968094991149,552.6254279577566,17.515110714274186,0.22464287700989222,5.31925724298964,2.2299746452309837
2025-03-13 00:00:00,1910.6551381032464,126.56536487567297,13.26425508021385,570.7207702766447,18.902307825588476,0.22322804938197205,5.210584560175619,2.2839987791711587
2025-03-14 00:00:00,1862.7949366490388,123.23770752728635,12.34533444169747,578.7156213732173,18.49522601511953,0.22514568990315095,5.1437164240722275,2.163212588812404
2025-03-15 00:00:00,1910.6662703455045,133.5545345544276,13.74981264239658,586.9702499764328,18.572363162100228,0.2223590908263819,5.212876317850184,2.3247891701526524
2025-03-16 00:00:00,1939.7856881721348,135.83808085318316,14.34539983209498,618.7666348359702,19.42397286319994,0.22177095108444164,5.350342876138146,2.3543015936597076
2025-03-17 00:00:00,1887.7643429692785,126.16514527624146,12.995272913734969,602.0153495286127,18.31982935160558,0.21213537865168489,5.15030610539036,2.233357641307977
2025-03-18 00:00:00,1929.1833577618722,128.27980954134415,13.253747189035662,630.4469540119447,18.830818505110745,0.22062064393880235,5.349428151922667,2.3734598550214505
2025-03-19 00:00:00,1932.7964059050657,125.34406014353017,14.218260455946519,628.6214098323479,19.017253167965247,0.23686806256565804,5.432213163683951,2.2886819808473824
2025-03-20 00:00:00,2060.728601068271,135.62276169425357,15.586973781086364,619.5659214134856,19.732076258080227,0.23121804766750118,5.613879160539697,2.481595272258342
2025-03-21 00:00:00,1980.831780524645,127.67626424914864,14.19887122646534,630.2183910262637,18.735394116433113,0.23474483205878477,5.62119399425218,2.356812699836453
2025-03-22 00:00:00,1964.5293833168294,128.23973822410704,15.815473141010928,634.6156759206938,19.153504077905303,0.23337741718078026,5.611859095123703,2.2461781108110994
2025-03-23 00:00:00,1979.5449257665966,128.39187391771924,15.56412915937804,626.1359464582463,19.397493932739046,0.2372098577182286,5.672518717780918,2.2609290594825935
2025-03-24 00:00:00,2001.0470230951883,132.10106868785385,16.294290472239876,622.808568853935,19.777603125117867,0.22991999084098838,5.708940250016129,2.282426670667294
2025-03-25 00:00:00,2077.739325831977,140.57936877383233,16.631716316471763,635.8154787603806,21.484762623053754,0.2280886886101586,6.036157555778356,2.3852987970899666
2025-03-26 00:00:00,2068.598435049149,143.93305133739045,16.049097519943412,630.3112214019164,22.91839722354371,0.22733251589909614,5.918603304886735,2.4592722383958012
2025-03-27 00:00:00,2009.8835432902426,137.09334253160864,14.113300591926322,617.8855000907927,22.094542761872837,0.23145386466335327,5.942417659627755,2.6272952745540517
2025-03-28 00:00:00,2003.3034241292064,138.37897933357002,14.71357597432851,637.6132125269871,22.010138479262164,0.2349152997916879,5.965801633253332,2.7833903090720935
2025-03-29 00:00:00,1896.9173600459985,129.44621681849003,13.373194307203732,619.5224559274657,20.393905102379996,0.23246685982410384,5.55516779071089,2.505966042347635
2025-03-30 00:00:00,1829.2745211803463,124.50189658068513,12.805729928775781,604.0434442333641,19.67115660139404,0.2324312910534407,5.221521144099796,2.3160665106717646
2025-03-31 00:00:00,1805.3378779435934,124.5806499329744,12.445654251313842,601.4706478405623,18.860870143264492,0.23131035603485786,5.285225227600953,2.34510620220635
2025-04-01 00:00:00,1824.2071367609847,124.86617842858315,12.973976601665862,605.503011770793,18.77241313136469,0.23887546016560515,5.26940713417214,2.268661692324069
2025-04-02 00:00:00,1907.1671522994227,126.80693682115113,13.32379333001858,611.0283776490112,19.819514963874795,0.2376660102370331,5.4047550466723004,2.400856935195534
2025-04-03 00:00:00,1795.761850567479,118.08550586157003,11.831829282757296,589.8692678191657,18.005460348573276,0.23356857656210364,5.102406064162539,2.312938563651738
2025-04-04 00:00:00,1818.2844199542053,117.1929518844708,11.716571163476129,592.4642522121785,18.16700855595577,0.23769761707515197,5.060699372890108,2.258262469102491
2025-04-05 00:00:00,1814.4807753449506,122.71307466195722,11.92185519279805,597.7592047746326,18.186239334064684,0.23912737993678282,4.9044172868634535,2.2597870578540418
2025-04-06 00:00:00,1809.935827172196,120.16838205477265,12.036328687311322,594.0888077893536,17.89495169881103,0.23808053181092378,4.881007182338196,2.219107856386217
2025-04-07 00:00:00,1574.6321611455576,105.76515013740064,10.266673167014481,554.4379559214581,15.976458681568712,0.22954723959905665,4.332986803782101,1.9199961345388332
2025-04-08 00:00:00,1555.909812570873,106.7967654056102,11.490222096748646,554.1601019762941,16.689508767426556,0.22803858365532606,4.408442974784441,2.0155958401124514
2025-04-09 00:00:00,1471.3608854365523,105.48654682895575,11.202465615470969,553.3962669418149,16.10131975864899,0.2303552679246285,4.334788687670361,1.9289004945219397
2025-04-10 00:00:00,1662.5331604641576,118.96288063114291,13.580673620966742,582.2597810033054,18.44515641455098,0.23860673538557972,4.727478618775454,2.2220712649570227
2025-04-11 00:00:00,1523.928624242526,112.88616853404648,14.341904993429681,577.2921769307156,18.314892880992307,0.23623898663098675,4.622225233630094,2.1120882065227926
2025-04-12 00:00:00,1568.131690125936,121.39249540173658,15.72599692953682,586.1297244063287,19.149404510225917,0.2433485177617492,4.79235752807944,2.1876332874492657
2025-04-13 00:00:00,1645.8625733156498,132.15438529607428,16.335032494342173,596.9496743252538,20.467869073949146,0.2462992201503765,4.96475266680662,2.349162115414722
2025-04-14 00:00:00,1595.4227460001084,128.2347432835372,15.362707868082566,583.6441112439634,19.521241675037203,0.2543224349568003,4.811660400776754,2.2307006156955853
2025-04-15 00:00:00,1621.543195596693,129.42181202590046,15.759650279837938,584.5130373558429,20.102924329782844,0.251810919263817,4.8007124314538485,2.1879036835670274
2025-04-16 00:00:00,1587.8222244021401,126.3038818388089,15.109160002754049,579.7117342988385,19.030567328434707,0.2504415313627749,4.622108666630741,2.0873105837498476
2025-04-17 00:00:00,1577.7073516760117,131.4761427933663,15.774369820846301,582.9884895445316,18.76735836646445,0.2478342979014942,4.618603184948136,2.0554851891543144
2025-04-18 00:00:00,1583.4764497002345,134.6151648808524,17.113959293669943,590.1449424870344,19.068702814839124,0.24785767955171717,4.594925806736372,2.120855760663852
2025-04-19 00:00:00,1589.1516208270755,133.9760882871713,17.055850786210037,591.7558249048697,19.087719134746372,0.23979790295085376,4.692873920936849,2.1188797801478123
2025-04-20 00:00:00,1615.0502549158562,139.64248014652355,18.017600120771103,592.1191922418601,19.923544824545182,0.24413514416563126,4.913002791794572,2.157029429253769
2025-04-21 00:00:00,1585.4600253443446,137.6315829179827,17.50133761035694,592.9015532596577,19.488678183630295,0.2442308035769932,5.061009189067044,2.1083774647107956
2025-04-22 00:00:00,1577.4465595922347,136.3303974884886,18.13819355377218,596.742721454172,19.840236788523388,0.24630980497882635,4.923235262652557,2.191915485089257
2025-04-23 00:00:00,1759.7064599311093,148.80397504642707,19.14763801250356,617.6497009116878,22.08248567647882,0.2482472106061884,5.280013364815584,2.677622609274627
2025-04-24 00:00:00,1793.969849485534,150.9999108899842,18.398380876213203,606.1742820090113,22.34206376992542,0.24622153960541757,5.368270888331013,2.958563882720452
2025-04-25 00:00:00,1769.3925107354407,152.3299363576059,18.73693076506098,602.1970676660677,22.358569227038366,0.24558431547441567,5.500038499466235,3.3328901497787506
2025-04-26 00:00:00,1788.7981804331257,150.92008896105446,18.398625225194507,600.1913883958081,22.21224698349822,0.24192727928387675,5.539347321432537,3.5066961954278164
2025-04-27 00:00:00,1821.2695303291391,149.14633083954075,17.970132051640412,607.8085377229048,22.42266153714482,0.2518465093808551,5.616714993275036,3.5183322303088724
2025-04-28 00:00:00,1793.6918440730135,148.2466719511348,17.46934632295934,603.5371460135477,21.76131374420904,0.2454982933243726,5.375252090351362,3.560508563500249
2025-04-29 00:00:00,1799.50191449199,147.99083303267335,18.317004818334294,606.1285517158251,21.856346347625976,0.2482547677290521,5.531740156309861,3.516439908673003
2025-04-30 00:00:00,1796.9720456768928,146.49305755147196,18.523584727048878,600.5889575399475,21.495104415759847,0.24363695986317063,5.42997745550575,3.540576447715664
2025-05-01 00:00:00,1794.0495408617828,147.73348327834748,19.97358851360065,599.6302002732988,20.911718399489054,0.2468280963022558,5.352836780288209,3.5127315785705258
2025-05-02 00:00:00,1838.8543285925753,150.76046702861854,19.938196512549435,599.5796914410877,21.64039979213997,0.24471183716891964,5.498695456664835,3.54844443652934
2025-05-03 00:00:00,1841.427590836958,147.97213909446802,20.765487965359863,601.3244678537958,21.236230289707503,0.24802385762067275,5.438505687356389,3.4216758503136044
2025-05-04 00:00:00,1834.501911876416,146.79754814764868,21.053277627522718,599.2468842902798,20.558627289563443,0.24561114695368766,5.192104964642889,3.3347279053256993
2025-05-05 00:00:00,1808.156093844096,143.9823040324787,19.82126255832817,585.8899216562841,19.883841658205988,0.24678405539411483,5.103885569593204,3.2814880898993266
2025-05-06 00:00:00,1820.0044598893596,146.81070557078957,20.291206627491583,597.9661578698278,19.690937645254376,0.24832703546130677,4.9754427688439185,3.436330456483025
2025-05-07 00:00:00,1816.1686943818438,146.90938773866714,20.993991169160616,603.0175211984405,20.0592038012727,0.24589351847527516,4.767982072213888,3.3445586024587453
2025-05-08 00:00:00,1810.3169269284476,147.20059726659957,21.04119634664567,603.144369158166,19.536304099901354,0.2488214983780042,4.791753037239804,3.3317903699587594
2025-05-09 00:00:00,2197.5611893238784,163.41627317514832,23.23208312250106,628.2798237375861,22.06135529506582,0.2570014262562132,5.474476700823102,4.014179549004117
2025-05-10 00:00:00,2341.407963002621,172.6970765026263,24.732218060200964,666.6606824091106,23.23931758660657,0.2600432029043901,5.556281043356796,3.9398316641041413
2025-05-11 00:00:00,2583.6829051429513,177.3428319704922,26.094998286198674,662.3379085253329,25.90584069837969,0.2659355605908974,6.066336867624458,4.118569800987736
2025-05-12 00:00:00,2507.4693107597423,172.85779222329435,24.873025270358454,650.8664613901699,24.757761643002613,0.26492690289529264,5.874062187546445,4.011242117307042
2025-05-13 00:00:00,2492.426391077375,174.41950190990173,24.903551350560527,660.9533536861077,24.867699675142347,0.2718098521316238,5.856024295066051,3.9670205996966073
2025-05-14 00:00:00,2676.639163127913,184.05379777179434,25.859956038212943,666.2402578411695,25.76800719022452,0.27096467218714226,6.159158875532347,4.084296469080066
2025-05-15 00:00:00,2603.7180887199615,176.45507175799847,25.176002334199495,651.6490150180347,24.95094055346082,0.274955862518479,5.7387402636402385,3.9181053760380817
2025-05-16 00:00:00,2542.296692466797,168.75269732863256,26.089948335328526,651.1362648113163,23.385562464677957,0.2730093343336774,5.301218886194902,3.8387414300870457
2025-05-17 00:00:00,2544.3870377235667,167.76812404954248,26.85787148802181,647.3412018782846,23.14922616868113,0.27232995821749456,5.281477117220722,3.7934139215038076
2025-05-18 00:00:00,2475.0543933696913,165.9394166641985,25.84904488584187,639.5979769763185,22.19867442905758,0.2695874988055995,5.077871722482362,3.800386247532002
2025-05-19 00:00:00,2465.3409856139087,171.54067495745267,26.932859341033545,649.3806686821907,22.745720535267882,0.2668470019927119,5.139111473011773,3.8857645462839465
2025-05-20 00:00:00,2526.989643891319,166.7148813421899,26.566692733802547,651.0389804540937,22.245376064546573,0.2666169998303391,5.19821992563986,3.835965554562131
2025-05-21 00:00:00,2524.2743433146065,168.38572912424627,26.49650724473135,650.951301036078,22.623124042418908,0.26892906095832025,5.145253854594619,3.858730735223917
2025-05-22 00:00:00,2558.9502343769486,173.96771434765478,28.17004432608561,674.7138326551593,23.26233065474814,0.2686237106666943,5.293325748871759,3.942600290827334
2025-05-23 00:00:00,2657.1674447566115,179.57884486750282,33.246088228795934,686.0302393255067,25.13946967996487,0.2749718227400453,5.68872145448816,3.867828217552753
2025-05-24 00:00:00,2519.813809045145,174.43566967519817,32.71763634897189,655.3681110510369,23.05602009366085,0.2684823878080289,5.348832030416345,3.5957430591892727
2025-05-25 00:00:00,2529.4429842284353,175.9976176396849,35.152204961654235,667.9647953294073,22.916473924871646,0.2704209504806316,5.314232391188693,3.617299402353175
2025-05-26 00:00:00,2546.6201163370915,175.13203918726265,38.80603103175202,670.0121393931087,23.339966182681167,0.27158735036809767,5.255308473858145,3.5880311040706414
2025-05-27 00:00:00,2562.1729286392238,174.71672204451494,37.23693100796054,673.7837605333261,23.050888503041925,0.27422800457743124,5.275403250251745,3.484170550983759
2025-05-28 00:00:00,2662.0940568241435,176.57784495904014,36.01496758499077,687.4363026293119,23.355690136779845,0.27754273237268634,5.380478432300083,3.6759583243993394
2025-05-29 00:00:00,2676.2674124507,172.12073410994773,34.28575198638715,687.631059296252,23.481418661546233,0.27365856803976113,5.389027137092507,3.6006033632627763
2025-05-30 00:00:00,2633.1392065286695,166.83894593726552,31.665854427583675,675.4110812815895,22.345989886946846,0.27414324912514104,5.176902843883775,3.52874942179198
2025-05-31 00:00:00,2524.4762348050726,156.51262963204462,32.457688969530324,656.2031380761879,20.61486740635505,0.26737924630378745,4.760937908927564,3.214361039548638
2025-06-01 00:00:00,2532.3627853090866,156.86968538083693,32.87551280603348,658.5726942750157,20.825461148677068,0.2657554589765505,4.730434167239939,3.2481333827592067
2025-06-02 00:00:00,2538.3300584367485,157.63092185153255,34.15379701700318,661.3452261434389,20.88223655229372,0.2712154352682821,4.81420949401646,3.3504324946771176
2025-06-03 00:00:00,2609.737253959435,156.97126157615844,36.47954516732336,666.0561104906627,21.20691071069178,0.26889934896058726,4.89491259315586,3.342723708373334
2025-06-04 00:00:00,2595.4689570062997,155.57609294535118,36.2144791382086,661.17332497159,21.127353795251498,0.2704524040358083,4.93496955088284,3.243925091630382
2025-06-05 00:00:00,2610.343189828259,153.52933334658826,35.70561690074421,663.70338541173,20.182188303009532,0.27441546201489336,4.796375134418133,3.1716298079891256
2025-06-06 00:00:00,2421.601103763502,144.54778524030908,34.07247568331995,634.1479715861758,18.799172719314655,0.2818476267757467,4.498840803983914,2.9433465712732567
2025-06-07 00:00:00,2481.4039836690267,148.27289869882955,33.27671737263694,643.7566841456504,19.703700934855224,0.2774609984325865,4.617892436303309,3.202075665788915
2025-06-08 00:00:00,2526.291995889778,150.07536034230216,34.94870486039562,650.7937997932994,20.706495593757044,0.28682053571712274,4.749078433885117,3.2438667294063253
2025-06-09 00:00:00,2508.784123584585,152.50446458828966,35.139180949288004,652.274428548494,21.115839375341228,0.2818930103559471,4.707729696864491,3.224461169681502
2025-06-10 00:00:00,2685.0001850413178,161.15980951265985,38.68610165512971,666.3374143222443,21.938401810827937,0.2873297911425129,4.9560088289518465,3.448180544903279
2025-06-11 00:00:00,2808.503208314919,164.9644225697288,42.1438027449725,673.4760595844963,22.50971393437475,0.291746665855355,5.129679961880835,3.4875689986538565
2025-06-12 00:00:00,2776.1371915822333,161.01986639557893,41.820138543645854,667.7388930109494,21.58841457620008,0.2792760638375791,5.023808357928706,3.3966525856654473
2025-06-13 00:00:00,2653.158968452672,152.6604566097001,41.03834319795403,656.4804964003403,20.37505327855098,0.2721159586819218,4.715782837029821,3.2300237541458023
2025-06-14 00:00:00,2577.04861752583,148.53042859104298,42.43492298449233,654.9095462616511,19.390865082817484,0.26988474553119557,4.49280541338155,3.0696055715241486
2025-06-15 00:00:00,2534.0702195359518,144.75154594223267,40.16929485136564,645.8086677048335,18.97040241295195,0.2711595792639646,4.464524825095701,2.947164902985387
2025-06-16 00:00:00,2547.8456040920437,152.684889859998,41.215225040719986,648.2042600997396,19.11510406614086,0.2739313744082881,4.5379355989122265,3.0254718367265734
2025-06-17 00:00:00,2561.329843569428,151.43554856186984,42.45264561094897,651.4813571171453,19.193574863772433,0.2752037806082002,4.720976360388417,3.0161295907498786
2025-06-18 00:00:00,2514.986700576147,147.99188434299543,40.16752722439957,648.799470473488,18.639396268508662,0.27175778021495983,4.448896480054883,2.849676246430226
2025-06-19 00:00:00,2521.3334233964915,146.27697674399295,39.25586839852591,643.7728727892951,18.153579843136125,0.27306675786016266,4.4610905715476035,2.8279596723038143
2025-06-20 00:00:00,2522.1791903642184,147.09924520457085,36.93935898191048,644.3626647131019,18.06960611740442,0.27468505823901745,4.390101659783202,2.832489302762997
2025-06-21 00:00:00,2405.695434213183,140.04009054961782,33.365328270499035,641.4660754156638,17.346745800298585,0.2724830316650161,4.26757659054388,2.7140386305464252
2025-06-22 00:00:00,2270.581996055585,133.71000196412658,33.42847443414124,626.5687672231079,16.66501799462414,0.2702894368035224,4.124677853883421,2.5375780903799963
2025-06-23 00:00:00,2227.4287266371684,131.8134744866569,35.675517628862465,615.9200839908369,16.504194814921206,0.263611631487203,3.9256736858556183,2.4478180172338475
2025-06-24 00:00:00,2423.899644268608,144.7815680115998,38.366100559938346,640.2543180324582,18.089989725864278,0.2730232193601509,4.329885281780324,2.8317760841898045
2025-06-25 00:00:00,2446.539301545049,145.8019507474219,37.37583912971835,643.4133640920619,18.217957902634573,0.27392177531884115,4.914908854057071,2.7950722173409717
2025-06-26 00:00:00,2417.2267855277296,143.37011953879949,36.921998047968756,645.8665732235779,17.544054747416485,0.2732589018590674,4.884154867169392,2.7273031872715596
2025-06-27 00:00:00,2415.031864876594,138.97799072607012,35.78125502234752,642.4572030728536,17.226335888229112,0.2709609913526723,4.8951164006160415,2.6028314939415162
2025-06-28 00:00:00,2423.0302896731746,142.12675809713753,36.503417353626155,645.9995550778237,17.569724773717734,0.27343999929594703,4.845822945280527,2.7125914060254868
2025-06-29 00:00:00,2437.133001780241,150.7812372563586,37.68025171061369,648.766805209224,17.98572460712256,0.2746064781259435,4.8608469938098064,2.8080959239209426
2025-06-30 00:00:00,2502.6672721177083,153.31879559308874,39.75680048855707,655.0764136195659,18.739766975172618,0.2767978003291782,4.961772239892385,2.9040153189562883
2025-07-01 00:00:00,2488.190781689803,154.9374500694811,39.528977128071276,657.0109566115938,17.974548459035702,0.27992342537790493,4.881078029124546,2.7773492714931813
2025-07-02 00:00:00,2405.1045592800183,146.84115991278014,36.88097944071034,646.1777891600059,17.09159924189345,0.27876274798844525,4.4952683468795165,2.672125912017111
2025-07-03 00:00:00,2574.067718495133,152.1680329188485,40.013806986502345,660.0254823640146,18.510093906308196,0.2847542448403162,4.755031092934466,2.9017816622786814
2025-07-04 00:00:00,2590.132231590221,152.28063806980848,40.19270104432407,663.0154690088326,18.53106385088842,0.2869670763396903,4.736943755073416,3.020411718935865
2025-07-05 00:00:00,2509.236345783362,147.76302956048175,39.13121408813409,653.1616270479346,17.800767460842177,0.2824469303709134,4.402860542661101,2.8756488477883373
2025-07-06 00:00:00,2517.37917835065,147.60067170952217,39.10752805891006,655.9253698398683,17.922309969493995,0.2831933450038669,4.419015394967531,2.900755489179161
2025-07-07 00:00:00,2571.358192115984,151.92103968743746,39.78011374048965,663.0185149322261,18.299319657528763,0.2872268381961474,4.470449817878124,2.9099902169324823
2025-07-08 00:00:00,2543.6317028067488,148.79005045485957,38.57616730167481,661.2876967099644,17.995045665212402,0.2866642974571126,4.453877340767824,2.8554723231941432
2025-07-09 00:00:00,2615.7759888945047,151.83083400485827,38.85703716213116,660.7042150664093,18.364624641105806,0.2875078203556196,4.47097251171276,2.899298375024372
2025-07-10 00:00:00,2772.5795626609174,157.20772193763892,40.873203535284084,669.2613994307441,19.504779962650648,0.2899289921064955,4.637937634990576,3.0793855323002646
2025-07-11 00:00:00,2948.4462027029053,163.85821380442644,43.72773890917746,685.1054482111715,20.65301121854369,0.29360059816219525,4.888353175704889,3.487583288902087
2025-07-12 00:00:00,2958.8514450990992,162.75319398002793,46.18462545490369,689.8418420972016,20.681670500291517,0.3009812325370712,4.893103861851357,3.3909901240627467
2025-07-13 00:00:00,2942.9616055388096,160.46917812212587,47.1392590009674,685.4703165458919,20.66399856993283,0.3024152293004515,4.804967139443938,3.3977627690839762
2025-07-14 00:00:00,2974.2654952333387,161.2426294578984,48.554395884899556,692.0429275667424,21.18558444040671,0.3030558478933525,4.9435420516895725,3.491146874323171
2025-07-15 00:00:00,3012.1797069059276,162.28222240485653,47.406931423402526,689.3152771073793,21.241309914482624,0.30253144900488677,4.96952160049915,3.8767066077671855
2025-07-16 00:00:00,3133.069857747011,163.96583057213138,48.003259292074596,689.863427315096,22.499635339902547,0.30045158496637425,5.100229253118915,4.079647246039168
2025-07-17 00:00:00,3368.126521526108,173.8289647474319,47.10029117080998,708.5580809732663,22.686863284725913,0.3091808334782015,5.209410655368345,3.948771718710664
2025-07-18 00:00:00,3481.8828152374017,176.0976453468298,45.97444370650513,722.3981283678474,23.83486996013503,0.31599469810655373,5.311737636130328,4.022453938619905
2025-07-19 00:00:00,3547.317079001209,177.36979874415755,44.39139740794054,729.5149107763856,23.48742556530643,0.325760894211019,5.321244694672615,3.7830957051297776
2025-07-20 00:00:00,3594.3185010809702,176.91082733883786,44.35536950792617,732.9272514055848,24.528334435148825,0.3178788228009875,5.340606503387944,3.8464536712744906
2025-07-21 00:00:00,3758.605581813957,180.99223128612934,46.032018941944486,758.1392224608369,25.067540484152524,0.3142223332120416,5.318257966756011,3.8897631621746744
2025-07-22 00:00:00,3765.453624023574,196.42381167802614,44.226589643111566,766.3958790528078,25.46496745496456,0.31447757048379,5.413864198138887,3.9681636204257873
2025-07-23 00:00:00,3746.9406687316323,205.2909062553001,46.08565290610266,786.4807204757146,25.82363888495997,0.31593581772366347,5.467367480386687,4.004586308025461
2025-07-24 00:00:00,3630.053531480921,189.5923023530127,43.718915830785654,776.2226902262614,23.941706974771556,0.30976212129465536,4.805711376178056,3.727419492167828
2025-07-25 00:00:00,3708.4299352383423,182.56084286755046,42.14346559459078,771.2312622168195,23.66487627395623,0.31413689411136114,4.628850710069309,3.714080796057193
2025-07-26 00:00:00,3723.0529092785596,186.17182549934944,44.14761961129802,784.7856013546323,23.988730669255503,0.3167773472664433,4.758552075412403,3.9426030818252236
2025-07-27 00:00:00,3742.4314258659915,184.9395837508933,43.441719297192556,794.2867236239222,24.938654580013772,0.3200365160613963,4.802505129152801,4.154014635530792
2025-07-28 00:00:00,3864.1248374654765,188.5758287219798,43.66027883704189,843.449638843771,25.960361202926606,0.32005545896853366,4.896480234754561,4.326642120575414
2025-07-29 00:00:00,3786.303845995956,183.03025266261037,43.61114310792471,822.2765976915088,25.1162871538678,0.3220308662855735,4.6426950791372485,3.895261344466851
2025-07-30 00:00:00,3788.5983716058226,181.16776459533068,43.40651188107463,805.1438193193468,24.340440899495697,0.33804084795857753,4.5819208781765,3.8109937351479717
2025-07-31 00:00:00,3807.4166010824188,177.8780960276323,42.21655794342221,793.8734614175534,23.34449235038936,0.3275810251017437,4.493904269753439,3.7620151367487193
2025-08-01 00:00:00,3696.6628530851194,172.1630467364299,40.902421792848756,783.0023910772859,22.470346979610884,0.3247402589315751,4.316895150168507,3.6155049330050177
2025-08-02 00:00:00,3483.1789551579504,162.79127248081605,37.485714934691885,756.4574114847068,21.53694717365909,0.32352336351856387,4.227797487735425,3.4510512339423864
2025-08-03 00:00:00,3397.4855484143177,158.53125175932496,37.00481614091776,736.6587769385911,20.893413835769646,0.3219125764797236,4.135978539153299,3.3384859305998407
2025-08-04 00:00:00,3497.573127822404,161.90312387611363,38.219851618472106,751.4001548118117,21.384275375985286,0.32758525255481685,4.219768336934576,3.4447578704395223
2025-08-05 00:00:00,3715.7090148550706,169.41522028427192,38.76249139897457,768.5544340737234,23.077846720742453,0.3329283686094329,4.36502677108834,3.591877053453101
2025-08-06 00:00:00,3612.442432236669,164.08356857308905,38.477551469981144,754.7878000846929,21.896739252096598,0.3334077807576774,4.280042301442402,3.4105828237505094
2025-08-07 00:00:00,3684.0459195726726,168.1731958529984,38.06903466081499,769.8555506826906,22.234170644214228,0.33709771098786573,4.246333187006044,3.4989753085297934
2025-08-08 00:00:00,3911.2609462690816,175.3851480311338,40.90232344019403,787.1948285374559,23.331119804239858,0.3384508005168367,4.423578190573444,3.769796718112686
2025-08-09 00:00:00,4012.97697001236,176.79535226118225,41.00741169123959,793.1777287850201,23.788957067423837,0.3381234799093417,4.653778675023006,3.84180806967266
2025-08-10 00:00:00,4265.563258333516,180.38638312645054,43.771688415140346,799.1991047067497,24.252738746523235,0.3353376598858483,4.778807713615501,3.9015236152434194
2025-08-11 00:00:00,4253.591618951185,182.9089507475702,45.225702202855565,804.8956334719561,23.811504742434824,0.33824179955426087,4.6869373117855995,3.875362637330685
2025-08-12 00:00:00,4228.824213261163,175.04512640796176,43.247814097275025,806.8312185132748,22.864999008110875,0.34548821930762463,4.535057780123267,3.660938852504372
2025-08-13 00:00:00,4606.809427709522,192.59412792428108,44.890271196586674,834.446637547768,24.684404453320322,0.35237962410475315,4.814957177611456,3.886979731632727
2025-08-14 00:00:00,4763.652535322159,201.8186877395025,47.72937278204948,849.5528663342336,25.541232406883683,0.3622438172723649,5.0634289631580955,4.019284993548699
2025-08-15 00:00:00,4554.291501538621,192.75680405400084,45.661212677278435,842.2643191559952,23.69760506911866,0.35847844836295145,4.741688762507105,3.7634413539247147
2025-08-16 00:00:00,4430.532465017841,185.5996951638033,47.57644744476903,827.2916811192079,23.722401364389075,0.35216795572137427,4.657466359002002,3.7066810506893453
2025-08-17 00:00:00,4426.826913311333,189.76942306167987,46.385166505533675,839.0566611983465,24.310747230871876,0.34803218534365904,4.73928773140973,3.776323241544441
2025-08-18 00:00:00,4487.118013759226,191.64098987374877,46.2620137675712,856.9424560582937,25.093957037964866,0.3538787478876827,4.792524989316136,3.7839575965765038
2025-08-19 00:00:00,4317.2757573282315,183.0130381229085,43.162330061528415,848.2298792758197,23.695875660586772,0.35028800725752646,4.570470746035931,3.602951382142859
2025-08-20 00:00:00,4074.495786100515,176.4002245667356,41.11314573321907,823.4566682430556,22.3601487448039,0.3481243053991994,4.289419105627098,3.4181583957553388
2025-08-21 00:00:00,4330.491598768078,187.2669439751863,42.91739796387109,870.0388548973078,23.438579134136475,0.35430913080545784,4.488796110672905,3.557964714173515
2025-08-22 00:00:00,4224.438592580698,180.24297051206173,40.505160346692314,838.3671602294102,22.758145756582852,0.35342731073850764,4.401681279033015,3.4107844814018584
2025-08-23 00:00:00,4829.225541798332,200.2605865005056,45.32869311456908,899.0447590707095,25.232308381764724,0.36638052329053367,4.80165054742569,3.758742324351973
2025-08-24 00:00:00,4773.884088598777,204.01931609622184,44.7938922566817,880.2145462822662,26.197598643676205,0.3622783333321292,4.75337540969658,3.7345903015695225
2025-08-25 00:00:00,4778.10916071381,205.88090746426144,45.91000542265579,876.0729413672346,25.750784617330282,0.36152271264269925,4.625560816324181,3.6845993668393837
2025-08-26 00:00:00,4381.626176071471,187.18525315161807,43.21047833421176,840.2868104582814,23.360989921520627,0.34233808012627936,4.252399824411355,3.3467715975278116
2025-08-27 00:00:00,4602.369685333965,195.9857969070515,48.55351035162009,864.1213024474413,24.1655194443137,0.35189208883171325,4.362843931129433,3.4540042234278787
2025-08-28 00:00:00,4500.1451479982325,203.29341765413957,46.964025971883586,856.0552312979237,24.427422186762627,0.3452697845906336,4.361049268156369,3.4361225370331265
2025-08-29 00:00:00,4507.560431032719,214.54958917125032,45.62424678428711,874.7487534677291,24.89859330495452,0.344844697835766,4.464124640402355,3.491329432563664
2025-08-30 00:00:00,4364.358521430426,205.08335316941142,44.413952865064765,863.6575485254209,23.590323990229244,0.3388324981742838,4.26709308356354,3.2853601020645726
2025-08-31 00:00:00,4373.360357620914,202.71014197799335,44.013176140311366,861.923469050824,23.78614026405449,0.3390956558376899,4.323806125876016,3.3050855001044264
2025-09-01 00:00:00,4388.931464519364,200.90099462282365,44.30452855074537,857.819601972643,23.42296952162818,0.34076736489394194,4.2509273994636265,3.250550315304031
2025-09-02 00:00:00,4303.202222745541,196.88381950999033,43.030960057683984,845.916487927506,23.157128542000244,0.33722881539948474,4.204484899259301,3.1917832426184933
2025-09-03 00:00:00,4325.856306225941,209.23036715955652,44.76509710772506,851.6937445280856,24.441375057577556,0.33794303032832773,4.3346069832902385,3.3176143802287
2025-09-04 00:00:00,4449.8670977283255,210.678785187558,45.84922970378202,855.1110256828161,25.179961571894133,0.3407082815258368,4.368852732392785,3.384090214867991
2025-09-05 00:00:00,4298.094660544595,202.68556246131902,45.39956124098302,843.6735934362805,24.256169799108758,0.3346362672061652,4.24181499555635,3.289019298851818
2025-09-06 00:00:00,4306.613513100346,203.47913677981902,47.14059431690163,849.7184902459278,24.47230968132273,0.33123665362118054,4.252505343105196,3.376056885966955
2025-09-07 00:00:00,4273.110024157841,200.18665937035894,46.12057832581697,861.6639369838142,24.385308538883034,0.314521276349756,4.199982949584575,3.3367024639941416
2025-09-08 00:00:00,4304.032421076036,206.51848846856373,47.17276567420729,881.3845363246559,24.731178774276195,0.3308409210738297,4.279149732666638,3.399478436447107
2025-09-09 00:00:00,4309.685702772004,214.08956690665315,50.785024430549434,878.2339242329539,25.252749736383077,0.3313207200289712,4.401971384635421,3.4971733041545443
2025-09-10 00:00:00,4309.342746120013,217.38518604767611,53.21549903112607,879.833817211316,25.934911243395995,0.3351309800330985,4.386504857940318,3.469516213223144
2025-09-11 00:00:00,4347.476803670656,223.9996568751895,55.402741657431974,893.578793274879,29.41057204042156,0.33862542126265444,4.478323480836934,3.620341293415209
2025-09-12 00:00:00,4459.31901599882,228.6994803098487,56.99312031440598,902.876846974473,29.180551353107607,0.34634639511220033,4.522347839307328,3.6640266548572393
2025-09-13 00:00:00,4708.841744149995,242.25824628845254,55.21023216863501,925.1660418381477,28.90940177175881,0.3524889999662988,4.617052739489995,3.718767514816712
2025-09-14 00:00:00,4667.699652630318,242.6675990847208,54.53267208520934,933.8971704994946,30.04107387185383,0.34973965629029224,4.665949363051384,3.8167141005756786
2025-09-15 00:00:00,4609.786110950785,240.51910214123612,53.67414376500275,926.8412817390542,29.524952023197276,0.34837133703322304,4.527065443356292,3.69071473841085
2025-09-16 00:00:00,4524.244939102515,233.8358169548661,53.988242577793656,919.2250351484705,29.824138697366195,0.34464889707108687,4.373619898086352,3.5221831715688565
2025-09-17 00:00:00,4504.266635522813,237.00322352946304,54.44349797366094,955.3487499241552,30.070051524198515,0.34229944103127424,4.446139795514022,3.6007043130728174
2025-09-18 00:00:00,4591.768794331328,244.94703055919837,57.68072330530448,991.3973181432295,31.753143849772282,0.34333571107458655,4.5770299547709214,3.7760483884493707
2025-09-19 00:00:00,4590.6367372135155,247.55626201820508,58.529484744885934,982.076570691383,35.28107919290268,0.35048989303336675,4.693608885964578,3.8943930323410436
2025-09-20 00:00:00,4470.479474009387,238.33823551145915,56.1039292281498,982.6879738189483,33.73790850905041,0.34379422299826834,4.542519396510432,3.6389126511677232
2025-09-21 00:00:00,4481.799472368209,239.46337999355012,54.112570565038574,1042.406078066426,33.15070697088437,0.3467340391361453,4.618564820900991,3.657530815282523
2025-09-21 02:05:43,4482.99264734756,240.46191475493282,54.112570565038574,1042.406078066426,33.15070697088437,0.3467340391361453,4.618564820900991,3.657530815282523
2025-09-21 02:05:44,4482.99264734756,240.46191475493282,54.112570565038574,1042.406078066426,33.15070697088437,0.346466385352451,4.618564820900991,3.657530815282523
2025-09-21 02:05:46,4482.99264734756,240.46191475493282,54.112570565038574,1042.406078066426,32.97013654310391,0.346466385352451,4.618564820900991,3.657530815282523
2025-09-21 02:05:47,4482.99264734756,240.46191475493282,54.112570565038574,1077.0398776933084,32.97013654310391,0.346466385352451,4.618564820900991,3.657530815282523
2025-09-21 02:05:50,4482.99264734756,240.46191475493282,53.78808702215179,1077.0398776933084,32.97013654310391,0.346466385352451,4.618564820900991,3.657530815282523
2025-09-21 02:05:55,4482.99264734756,240.46191475493282,53.78808702215179,1077.0398776933084,32.97013654310391,0.346466385352451,4.599445286885026,3.657530815282523
2025-09-21 02:08:17,4482.99264734756,240.46191475493282,53.78808702215179,1077.0398776933084,32.97013654310391,0.346466385352451,4.599445286885026,3.6486273570827854
